{"text": " And now I'm going to talk for five seconds, testing artificial intelligence, one, two.", "segments": [{"id": 0, "seek": 0, "start": 0.0, "end": 5.0, "text": " And now I'm going to talk for five seconds, testing artificial intelligence, one, two.", "tokens": [50364, 400, 586, 286, 478, 516, 281, 751, 337, 1732, 3949, 11, 4997, 11677, 7599, 11, 472, 11, 732, 13, 50614], "temperature": 0.0, "avg_logprob": -0.3203609206459739, "compression_ratio": 1.0617283950617284, "no_speech_prob": 0.027403032407164574}], "language": "en"}