{"text": " Testing 1, 2, 3, try number 17. Can you hear this? Testing 1, 2, 3.", "segments": [{"id": 0, "seek": 0, "start": 0.0, "end": 5.0, "text": " Testing 1, 2, 3, try number 17. Can you hear this? Testing 1, 2, 3.", "tokens": [50364, 45517, 502, 11, 568, 11, 805, 11, 853, 1230, 3282, 13, 1664, 291, 1568, 341, 30, 45517, 502, 11, 568, 11, 805, 13, 50614], "temperature": 0.0, "avg_logprob": -0.3185433607835036, "compression_ratio": 1.0634920634920635, "no_speech_prob": 0.03411383554339409}], "language": "en"}